campaign,creative_image,platform,spend,impressions,ctr,roas,tags,status,launched
Jones Road · UGC Reel v1,https://picsum.photos/id/1015/400/300,Meta,$120.00,9000,0.7%,0.8,"UGC Reel, hook-a",Active,2026-05-01
Dossier · Product Reel v2,https://picsum.photos/id/1025/400/300,TikTok,$217.00,17317,2.0%,3.7,"Product Reel, hook-b",Complete,2026-06-02
Odele · Viral Ad v3,https://picsum.photos/id/1035/400/300,YouTube,$314.00,25634,3.3%,2.0,"Viral Ad, hook-c",Draft,2026-05-03
Cocokind · Lookbook v1,https://picsum.photos/id/1045/400/300,Meta,$411.00,33951,4.6%,4.9,"Lookbook, hook-a",Paused,2026-06-04
Rhode · Motion Design v2,https://picsum.photos/id/1055/400/300,TikTok,$508.00,42268,1.7%,3.2,"Motion Design, hook-b",Active,2026-05-05
Glow Recipe · UGC Reel v3,https://picsum.photos/id/1065/400/300,YouTube,$605.00,50585,3.0%,1.5,"UGC Reel, hook-c",Complete,2026-06-06
Ilia · Product Reel v1,https://picsum.photos/id/1074/400/300,Meta,$702.00,58902,4.3%,4.4,"Product Reel, hook-a",Draft,2026-05-07
Kosas · Viral Ad v2,https://picsum.photos/id/1084/400/300,TikTok,$799.00,67219,1.4%,2.7,"Viral Ad, hook-b",Paused,2026-06-08
Saie · Lookbook v3,https://picsum.photos/id/1015/400/300,YouTube,$896.00,75536,2.7%,1.0,"Lookbook, hook-c",Active,2026-05-09
Tower 28 · Motion Design v1,https://picsum.photos/id/1025/400/300,Meta,$993.00,83853,4.0%,3.9,"Motion Design, hook-a",Complete,2026-06-10
Jones Road · UGC Reel v2,https://picsum.photos/id/1035/400/300,TikTok,$1090.00,92170,1.1%,2.2,"UGC Reel, hook-b",Draft,2026-05-11
Dossier · Product Reel v3,https://picsum.photos/id/1045/400/300,YouTube,$1187.00,100487,2.4%,5.1,"Product Reel, hook-c",Paused,2026-06-12
Odele · Viral Ad v1,https://picsum.photos/id/1055/400/300,Meta,$1284.00,108804,3.7%,3.4,"Viral Ad, hook-a",Active,2026-05-13
Cocokind · Lookbook v2,https://picsum.photos/id/1065/400/300,TikTok,$1381.00,117121,0.8%,1.7,"Lookbook, hook-b",Complete,2026-06-14
Rhode · Motion Design v3,https://picsum.photos/id/1074/400/300,YouTube,$1478.00,125438,2.1%,4.6,"Motion Design, hook-c",Draft,2026-05-15
Glow Recipe · UGC Reel v1,https://picsum.photos/id/1084/400/300,Meta,$1575.00,133755,3.4%,2.9,"UGC Reel, hook-a",Paused,2026-06-16
Ilia · Product Reel v2,https://picsum.photos/id/1015/400/300,TikTok,$1672.00,142072,4.7%,1.2,"Product Reel, hook-b",Active,2026-05-17
Kosas · Viral Ad v3,https://picsum.photos/id/1025/400/300,YouTube,$1769.00,150389,1.8%,4.1,"Viral Ad, hook-c",Complete,2026-06-18
Saie · Lookbook v1,https://picsum.photos/id/1035/400/300,Meta,$1866.00,158706,3.1%,2.4,"Lookbook, hook-a",Draft,2026-05-19
Tower 28 · Motion Design v2,https://picsum.photos/id/1045/400/300,TikTok,$1963.00,167023,4.4%,5.3,"Motion Design, hook-b",Paused,2026-06-20
Jones Road · UGC Reel v3,https://picsum.photos/id/1055/400/300,YouTube,$2060.00,175340,1.5%,3.6,"UGC Reel, hook-c",Active,2026-05-21
Dossier · Product Reel v1,https://picsum.photos/id/1065/400/300,Meta,$2157.00,183657,2.8%,1.9,"Product Reel, hook-a",Complete,2026-06-22
Odele · Viral Ad v2,https://picsum.photos/id/1074/400/300,TikTok,$2254.00,191974,4.1%,4.8,"Viral Ad, hook-b",Draft,2026-05-23
Cocokind · Lookbook v3,https://picsum.photos/id/1084/400/300,YouTube,$2351.00,200291,1.2%,3.1,"Lookbook, hook-c",Paused,2026-06-24
Rhode · Motion Design v1,https://picsum.photos/id/1015/400/300,Meta,$2448.00,208608,2.5%,1.4,"Motion Design, hook-a",Active,2026-05-25
Glow Recipe · UGC Reel v2,https://picsum.photos/id/1025/400/300,TikTok,$145.00,216925,3.8%,4.3,"UGC Reel, hook-b",Complete,2026-06-26
Ilia · Product Reel v3,https://picsum.photos/id/1035/400/300,YouTube,$242.00,225242,0.9%,2.6,"Product Reel, hook-c",Draft,2026-05-27
Kosas · Viral Ad v1,https://picsum.photos/id/1045/400/300,Meta,$339.00,13559,2.2%,0.9,"Viral Ad, hook-a",Paused,2026-06-28
Saie · Lookbook v2,https://picsum.photos/id/1055/400/300,TikTok,$436.00,21876,3.5%,3.8,"Lookbook, hook-b",Active,2026-05-01
Tower 28 · Motion Design v3,https://picsum.photos/id/1065/400/300,YouTube,$533.00,30193,4.8%,2.1,"Motion Design, hook-c",Complete,2026-06-02
Jones Road · UGC Reel v1,https://picsum.photos/id/1074/400/300,Meta,$630.00,38510,1.9%,5.0,"UGC Reel, hook-a",Draft,2026-05-03
Dossier · Product Reel v2,https://picsum.photos/id/1084/400/300,TikTok,$727.00,46827,3.2%,3.3,"Product Reel, hook-b",Paused,2026-06-04
Odele · Viral Ad v3,https://picsum.photos/id/1015/400/300,YouTube,$824.00,55144,4.5%,1.6,"Viral Ad, hook-c",Active,2026-05-05
Cocokind · Lookbook v1,https://picsum.photos/id/1025/400/300,Meta,$921.00,63461,1.6%,4.5,"Lookbook, hook-a",Complete,2026-06-06
Rhode · Motion Design v2,https://picsum.photos/id/1035/400/300,TikTok,$1018.00,71778,2.9%,2.8,"Motion Design, hook-b",Draft,2026-05-07
Glow Recipe · UGC Reel v3,https://picsum.photos/id/1045/400/300,YouTube,$1115.00,80095,4.2%,1.1,"UGC Reel, hook-c",Paused,2026-06-08
Ilia · Product Reel v1,https://picsum.photos/id/1055/400/300,Meta,$1212.00,88412,1.3%,4.0,"Product Reel, hook-a",Active,2026-05-09
Kosas · Viral Ad v2,https://picsum.photos/id/1065/400/300,TikTok,$1309.00,96729,2.6%,2.3,"Viral Ad, hook-b",Complete,2026-06-10
Saie · Lookbook v3,https://picsum.photos/id/1074/400/300,YouTube,$1406.00,105046,3.9%,5.2,"Lookbook, hook-c",Draft,2026-05-11
Tower 28 · Motion Design v1,https://picsum.photos/id/1084/400/300,Meta,$1503.00,113363,1.0%,3.5,"Motion Design, hook-a",Paused,2026-06-12