contact_name,brand,email,phone,deal_value,stage,channel,website,sample_sent,last_touch,notes
Ava Chen,Jones Road,ava@jonesroad.com,+1 (300) 555-1000,"$1,500",New,Instagram,https://jonesroad.com,true,2026-06-01,Responded positively to the free-sample-first pitch. Wants Vox-style paper-cut format for the summer drop. Follow up after their launch week settles down.
Noah Patel,Dossier,noah@dossier.com,+1 (301) 555-1037,"$2,231",Contacted,Email,https://dossier.com,false,2026-06-02,Warm intro pending
Mia Kim,Odele,mia@odele.com,+1 (302) 555-1074,"$2,962",Sample Sent,Referral,https://odele.com,false,2026-06-03,Warm intro pending
Liam Lopez,Cocokind,liam@cocokind.com,+1 (303) 555-1111,"$3,693",In Review,TikTok,https://cocokind.com,true,2026-06-04,Warm intro pending
Zoe Ross,Rhode,zoe@rhode.com,+1 (304) 555-1148,"$4,424",Won,Instagram,https://rhode.com,false,2026-06-05,Responded positively to the free-sample-first pitch. Wants Vox-style paper-cut format for the summer drop. Follow up after their launch week settles down.
Ethan Chen,Glow Recipe,ethan@glowrecipe.com,+1 (305) 555-1185,"$5,155",Lost,Email,https://glowrecipe.com,false,2026-06-06,Warm intro pending
Isla Patel,Ilia,isla@ilia.com,+1 (306) 555-1222,"$5,886",New,Referral,https://ilia.com,true,2026-06-07,Warm intro pending
Kai Kim,Kosas,kai@kosas.com,+1 (307) 555-1259,"$6,617",Contacted,TikTok,https://kosas.com,false,2026-06-08,Warm intro pending
Nora Lopez,Saie,nora@saie.com,+1 (308) 555-1296,"$7,348",Sample Sent,Instagram,https://saie.com,false,2026-06-09,Responded positively to the free-sample-first pitch. Wants Vox-style paper-cut format for the summer drop. Follow up after their launch week settles down.
Leo Ross,Tower 28,leo@tower28.com,+1 (309) 555-1333,"$8,079",In Review,Email,https://tower28.com,true,2026-06-10,Warm intro pending
Ivy Chen,Jones Road,ivy@jonesroad.com,+1 (310) 555-1370,"$8,810",Won,Referral,https://jonesroad.com,false,2026-06-11,Warm intro pending
Max Patel,Dossier,max@dossier.com,+1 (311) 555-1407,"$9,541",Lost,TikTok,https://dossier.com,false,2026-06-12,Warm intro pending
Ruby Kim,Odele,ruby@odele.com,+1 (312) 555-1444,"$10,272",New,Instagram,https://odele.com,true,2026-06-13,Responded positively to the free-sample-first pitch. Wants Vox-style paper-cut format for the summer drop. Follow up after their launch week settles down.
Finn Lopez,Cocokind,finn@cocokind.com,+1 (313) 555-1481,"$2,003",Contacted,Email,https://cocokind.com,false,2026-06-14,Warm intro pending
Elle Ross,Rhode,elle@rhode.com,+1 (314) 555-1518,"$2,734",Sample Sent,Referral,https://rhode.com,false,2026-06-15,Warm intro pending
Jude Chen,Glow Recipe,jude@glowrecipe.com,+1 (315) 555-1555,"$3,465",In Review,TikTok,https://glowrecipe.com,true,2026-06-16,Warm intro pending
Sage Patel,Ilia,sage@ilia.com,+1 (316) 555-1592,"$4,196",Won,Instagram,https://ilia.com,false,2026-06-17,Responded positively to the free-sample-first pitch. Wants Vox-style paper-cut format for the summer drop. Follow up after their launch week settles down.
Cole Kim,Kosas,cole@kosas.com,+1 (317) 555-1629,"$4,927",Lost,Email,https://kosas.com,false,2026-06-18,Warm intro pending
Wren Lopez,Saie,wren@saie.com,+1 (318) 555-1666,"$5,658",New,Referral,https://saie.com,true,2026-06-19,Warm intro pending
Beau Ross,Tower 28,beau@tower28.com,+1 (319) 555-1703,"$6,389",Contacted,TikTok,https://tower28.com,false,2026-06-20,Warm intro pending
Ava Chen,Jones Road,ava@jonesroad.com,+1 (320) 555-1740,"$7,120",Sample Sent,Instagram,https://jonesroad.com,false,2026-06-21,Responded positively to the free-sample-first pitch. Wants Vox-style paper-cut format for the summer drop. Follow up after their launch week settles down.
Noah Patel,Dossier,noah@dossier.com,+1 (321) 555-1777,"$7,851",In Review,Email,https://dossier.com,true,2026-06-22,Warm intro pending
Mia Kim,Odele,mia@odele.com,+1 (322) 555-1814,"$8,582",Won,Referral,https://odele.com,false,2026-06-23,Warm intro pending
Liam Lopez,Cocokind,liam@cocokind.com,+1 (323) 555-1851,"$9,313",Lost,TikTok,https://cocokind.com,false,2026-06-24,Warm intro pending
Zoe Ross,Rhode,zoe@rhode.com,+1 (324) 555-1888,"$10,044",New,Instagram,https://rhode.com,true,2026-06-25,Responded positively to the free-sample-first pitch. Wants Vox-style paper-cut format for the summer drop. Follow up after their launch week settles down.
Ethan Chen,Glow Recipe,ethan@glowrecipe.com,+1 (325) 555-1925,"$1,775",Contacted,Email,https://glowrecipe.com,false,2026-06-26,Warm intro pending
Isla Patel,Ilia,isla@ilia.com,+1 (326) 555-1962,"$2,506",Sample Sent,Referral,https://ilia.com,false,2026-06-27,Warm intro pending
Kai Kim,Kosas,kai@kosas.com,+1 (327) 555-1999,"$3,237",In Review,TikTok,https://kosas.com,true,2026-06-28,Warm intro pending
Nora Lopez,Saie,nora@saie.com,+1 (328) 555-2036,"$3,968",Won,Instagram,https://saie.com,false,2026-06-29,Responded positively to the free-sample-first pitch. Wants Vox-style paper-cut format for the summer drop. Follow up after their launch week settles down.
Leo Ross,Tower 28,leo@tower28.com,+1 (329) 555-2073,"$4,699",Lost,Email,https://tower28.com,false,2026-06-30,Warm intro pending
Ivy Chen,Jones Road,ivy@jonesroad.com,+1 (330) 555-2110,"$5,430",New,Referral,https://jonesroad.com,true,2026-06-01,Warm intro pending
Max Patel,Dossier,max@dossier.com,+1 (331) 555-2147,"$6,161",Contacted,TikTok,https://dossier.com,false,2026-06-02,Warm intro pending
Ruby Kim,Odele,ruby@odele.com,+1 (332) 555-2184,"$6,892",Sample Sent,Instagram,https://odele.com,false,2026-06-03,Responded positively to the free-sample-first pitch. Wants Vox-style paper-cut format for the summer drop. Follow up after their launch week settles down.
Finn Lopez,Cocokind,finn@cocokind.com,+1 (333) 555-2221,"$7,623",In Review,Email,https://cocokind.com,true,2026-06-04,Warm intro pending
Elle Ross,Rhode,elle@rhode.com,+1 (334) 555-2258,"$8,354",Won,Referral,https://rhode.com,false,2026-06-05,Warm intro pending
Jude Chen,Glow Recipe,jude@glowrecipe.com,+1 (335) 555-2295,"$9,085",Lost,TikTok,https://glowrecipe.com,false,2026-06-06,Warm intro pending
Sage Patel,Ilia,sage@ilia.com,+1 (336) 555-2332,"$9,816",New,Instagram,https://ilia.com,true,2026-06-07,Responded positively to the free-sample-first pitch. Wants Vox-style paper-cut format for the summer drop. Follow up after their launch week settles down.
Cole Kim,Kosas,cole@kosas.com,+1 (337) 555-2369,"$1,547",Contacted,Email,https://kosas.com,false,2026-06-08,Warm intro pending
Wren Lopez,Saie,wren@saie.com,+1 (338) 555-2406,"$2,278",Sample Sent,Referral,https://saie.com,false,2026-06-09,Warm intro pending
Beau Ross,Tower 28,beau@tower28.com,+1 (339) 555-2443,"$3,009",In Review,TikTok,https://tower28.com,true,2026-06-10,Warm intro pending
Ava Chen,Jones Road,ava@jonesroad.com,+1 (340) 555-2480,"$3,740",Won,Instagram,https://jonesroad.com,false,2026-06-11,Responded positively to the free-sample-first pitch. Wants Vox-style paper-cut format for the summer drop. Follow up after their launch week settles down.
Noah Patel,Dossier,noah@dossier.com,+1 (341) 555-2517,"$4,471",Lost,Email,https://dossier.com,false,2026-06-12,Warm intro pending
Mia Kim,Odele,mia@odele.com,+1 (342) 555-2554,"$5,202",New,Referral,https://odele.com,true,2026-06-13,Warm intro pending
Liam Lopez,Cocokind,liam@cocokind.com,+1 (343) 555-2591,"$5,933",Contacted,TikTok,https://cocokind.com,false,2026-06-14,Warm intro pending
Zoe Ross,Rhode,zoe@rhode.com,+1 (344) 555-2628,"$6,664",Sample Sent,Instagram,https://rhode.com,false,2026-06-15,Responded positively to the free-sample-first pitch. Wants Vox-style paper-cut format for the summer drop. Follow up after their launch week settles down.
Ethan Chen,Glow Recipe,ethan@glowrecipe.com,+1 (345) 555-2665,"$7,395",In Review,Email,https://glowrecipe.com,true,2026-06-16,Warm intro pending
Isla Patel,Ilia,isla@ilia.com,+1 (346) 555-2702,"$8,126",Won,Referral,https://ilia.com,false,2026-06-17,Warm intro pending
Kai Kim,Kosas,kai@kosas.com,+1 (347) 555-2739,"$8,857",Lost,TikTok,https://kosas.com,false,2026-06-18,Warm intro pending
Nora Lopez,Saie,nora@saie.com,+1 (348) 555-2776,"$9,588",New,Instagram,https://saie.com,true,2026-06-19,Responded positively to the free-sample-first pitch. Wants Vox-style paper-cut format for the summer drop. Follow up after their launch week settles down.
Leo Ross,Tower 28,leo@tower28.com,+1 (349) 555-2813,"$10,319",Contacted,Email,https://tower28.com,false,2026-06-20,Warm intro pending
Ivy Chen,Jones Road,ivy@jonesroad.com,+1 (350) 555-2850,"$2,050",Sample Sent,Referral,https://jonesroad.com,false,2026-06-21,Warm intro pending
Max Patel,Dossier,max@dossier.com,+1 (351) 555-2887,"$2,781",In Review,TikTok,https://dossier.com,true,2026-06-22,Warm intro pending
Ruby Kim,Odele,ruby@odele.com,+1 (352) 555-2924,"$3,512",Won,Instagram,https://odele.com,false,2026-06-23,Responded positively to the free-sample-first pitch. Wants Vox-style paper-cut format for the summer drop. Follow up after their launch week settles down.
Finn Lopez,Cocokind,finn@cocokind.com,+1 (353) 555-2961,"$4,243",Lost,Email,https://cocokind.com,false,2026-06-24,Warm intro pending
Elle Ross,Rhode,elle@rhode.com,+1 (354) 555-2998,"$4,974",New,Referral,https://rhode.com,true,2026-06-25,Warm intro pending
Jude Chen,Glow Recipe,jude@glowrecipe.com,+1 (355) 555-3035,"$5,705",Contacted,TikTok,https://glowrecipe.com,false,2026-06-26,Warm intro pending
Sage Patel,Ilia,sage@ilia.com,+1 (356) 555-3072,"$6,436",Sample Sent,Instagram,https://ilia.com,false,2026-06-27,Responded positively to the free-sample-first pitch. Wants Vox-style paper-cut format for the summer drop. Follow up after their launch week settles down.
Cole Kim,Kosas,cole@kosas.com,+1 (357) 555-3109,"$7,167",In Review,Email,https://kosas.com,true,2026-06-28,Warm intro pending
Wren Lopez,Saie,wren@saie.com,+1 (358) 555-3146,"$7,898",Won,Referral,https://saie.com,false,2026-06-29,Warm intro pending
Beau Ross,Tower 28,beau@tower28.com,+1 (359) 555-3183,"$8,629",Lost,TikTok,https://tower28.com,false,2026-06-30,Warm intro pending